<?xml version="1.0" encoding="UTF-8"?>
<project-private xmlns="http://www.netbeans.org/ns/project-private/1">
    <editor-bookmarks xmlns="http://www.netbeans.org/ns/editor-bookmarks/2" lastBookmarkId="0"/>
    <open-files xmlns="http://www.netbeans.org/ns/projectui-open-files/2">
        <group>
            <file>file:/C:/xampp/htdocs/WebProTrade/application/views/Default/dashboard_v.php</file>
            <file>file:/C:/xampp/htdocs/WebProTrade/application/views/Admin/admin_sidebar.php</file>
            <file>file:/C:/xampp/htdocs/WebProTrade/application/views/Admin/admin_user_v.php</file>
            <file>file:/C:/xampp/htdocs/WebProTrade/application/views/Admin/admin_market_v.php</file>
            <file>file:/C:/xampp/htdocs/WebProTrade/application/views/Default/sidebar_v.php</file>
        </group>
    </open-files>
</project-private>
